nm0000122	Charles Chaplin	1889	tt0032553,tt0027977,tt0044837,tt0018773
nm0373429	T. Hee	1911	tt0032910,tt0039951,tt0034091,tt0055277
nm0000033	Alfred Hitchcock	1899	tt0040746,tt0052357,tt0054215,tt0053125
nm0000080	Orson Welles	1915	tt0033467,tt0057427,tt0052311,tt0040525
nm0314671	Clyde Geronimi	1901	tt0042332,tt0043274,tt0046183,tt0053285
nm0001008	Frank Capra	1897	tt0038650,tt0031679,tt0027996,tt0025316
nm0715346	Carol Reed	1906	tt0039677,tt0063385,tt0040338,tt0041959
nm0000581	Joseph L. Mankiewicz	1909	tt0069281,tt0042192,tt0041587,tt0056937
nm0002045	Stanley Donen	1924	tt0062407,tt0056923,tt0050419,tt0045152
nm0001415	Elia Kazan	1909	tt0047296,tt0044081,tt0048028,tt0056825
nm0000041	Akira Kurosawa	1910	tt0051808,tt0080979,tt0047478,tt0089881
nm0000180	David Lean	1908	tt0050212,tt0056172,tt0087892,tt0059113
nm0943758	William Wyler	1902	tt0052618,tt0051411,tt0036868,tt0046250
nm0000697	Billy Wilder	1906	tt0047437,tt0053291,tt0053604,tt0043014
nm0000019	Federico Fellini	1920	tt0050783,tt0071129,tt0056801,tt0053779
nm0000040	Stanley Kubrick	1928	tt0062622,tt0120663,tt0066921,tt0072684
nm0950109	Terence Young	1915	tt0059800,tt0062467,tt0055928,tt0057076
nm0836328	John Sturges	1910	tt0054047,tt0057115,tt0050468,tt0047849
nm0357891	Guy Hamilton	1922	tt0071807,tt0066995,tt0070328,tt0058150
nm0936404	Robert Wise	1914	tt0066769,tt0079945,tt0059742,tt0055614
nm0001466	Sergio Leone	1929	tt0087843,tt0067140,tt0060196,tt0058461
nm0671957	Arthur Penn	1922	tt0065988,tt0064002,tt0061418,tt0056241
nm0742341	Stuart Rosenberg	1927	tt0061512,tt0078767,tt0054531,tt0055349
nm0796923	Don Siegel	1912	tt0077745,tt0049366,tt0079116,tt0066999
nm0835799	Mel Stuart	1928	tt0067992,tt0054050,tt0236702,tt0059197
nm0000338	Francis Ford Coppola	1939	tt0068646,tt0078788,tt0071360,tt0071562
nm0001243	William Friedkin	1935	tt0067116,tt1726669,tt0070047,tt0090180
nm0769874	Franklin J. Schaffner	1920	tt0070511,tt0077269,tt0063442,tt0066206
nm0001486	Sidney Lumet	1924	tt0071877,tt0072890,tt0292963,tt0050083
nm0001351	George Roy Hill	1921	tt0076723,tt0064115,tt0069280,tt0070735
nm0000316	Mel Brooks	1926	tt0071230,tt0395251,tt0094012,tt0082517
nm0001402	Terry Jones	1942	tt0085959,tt0079470,tt0071853,tt0118172
nm0000229	Steven Spielberg	1946	tt0083866,tt0082971,tt0120815,tt0108052
nm0788940	Jim Sharman	1945	tt0077992,tt0073629,tt0075282,tt0069262
nm0001587	Alan J. Pakula	1928	tt0056592,tt0100404,tt0074119,tt0084707
nm0000095	Woody Allen	1935	tt0118954,tt0079522,tt0075686,tt0097123
nm0000184	George Lucas	1944	tt0076759,tt0082971,tt0066434,tt0069704
nm0000118	John Carpenter	1948	tt0077651,tt0080749,tt0082340,tt0074156
nm0000230	Sylvester Stallone	1946	tt0089927,tt0075148,tt3076658,tt0084602
nm0000720	Jim Abrahams	1944	tt0083466,tt0102059,tt0088286,tt0080339
nm0000601	Harold Ramis	1944	tt0087332,tt0083131,tt0478311,tt0107048
nm0000186	David Lynch	1946	tt0105665,tt0166924,tt0098936,tt0460829
nm0192446	Sean S. Cunningham	1941	tt0329101,tt0211443,tt0758746,tt0080761
nm0000600	Sam Raimi	1959	tt0145487,tt0099365,tt0083907,tt0106308
nm0001361	Tobe Hooper	1943	tt0098375,tt0084516,tt0072271,tt0092076
nm0163706	Bob Clark	1939	tt0085334,tt0084522,tt0071222,tt0118665
nm0001232	Milos Forman	1932	tt0073486,tt0086879,tt0117318,tt0079261
nm0000976	Martin Brest	1951	tt0119643,tt0105323,tt0095631,tt0086960
nm0001102	Joe Dante	1946	tt0093260,tt0082533,tt0087363,tt0122718
nm0000814	John G. Avildsen	1935	tt0075148,tt0100507,tt0097647,tt0087538
nm0594503	Hayao Miyazaki	1941	tt0096283,tt0119698,tt0347149,tt0245429
nm0000116	James Cameron	1954	tt0499549,tt0103064,tt0090605,tt0120338
nm0000583	Wolfgang Petersen	1941	tt0114069,tt0089092,tt0118571,tt0082096
nm0504495	Mark L. Lester	1946	tt0083739,tt0338554,tt0088944,tt0087262
nm0000455	John Hughes	1950	tt0088847,tt0090305,tt0093748,tt0091042
nm0001345	Jim Henson	1936	tt0063951,tt0074028,tt0079588,tt0083791
nm0001915	Emile Ardolino	1943	tt0107065,tt0085655,tt0149439,tt0092890
nm0001469	Barry Levinson	1942	tt0105629,tt0120885,tt0101516,tt0095953
nm0000850	Clive Barker	1952	tt0100260,tt0093177,tt0103919,tt0805570
nm0001149	Richard Donner	1930	tt0093409,tt0300556,tt0078346,tt0089457
nm0001274	Paul Michael Glaser	1943	tt0067093,tt0093894,tt0335438,tt0072567
nm0960028	Katsuhiro Ôtomo	1954	tt0348121,tt0103286,tt0094625,tt0113799
nm0001532	John McTiernan	1951	tt0095016,tt0107362,tt0246894,tt0093773
nm0718645	Ivan Reitman	1946	tt1193138,tt0082509,tt0087332,tt0120828
nm0931530	Richard Williams	1933	tt2231061,tt0112389,tt0096438,tt0304971
nm0000709	Robert Zemeckis	1951	tt0109830,tt1907668,tt0118884,tt0088763
nm0001837	Peter Weir	1944	tt0311113,tt1023114,tt0090329,tt0120382
nm0001880	Edward Zwick	1952	tt0092492,tt0138097,tt0110322,tt0325710
nm0002653	Joe Johnston	1950	tt0082971,tt0102803,tt0132477,tt0458339
nm0615780	John Musker	1953	tt0097757,tt3521164,tt0119282,tt0103639
nm0001661	Rob Reiner	1947	tt0066626,tt0088258,tt0104257,tt0993846
nm0009953	Andy Ackerman	\N	tt1595856,tt0098904,tt0083399,tt0077097
nm0001508	Penny Marshall	1943	tt0104694,tt0094737,tt0099077,tt0074016
nm0000318	Tim Burton	1958	tt0099487,tt1142977,tt0121164,tt0408236
nm0958387	Jerry Zucker	1950	tt0080339,tt0099653,tt0083466,tt0088286
nm0001060	Chris Columbus	1958	tt1454029,tt0294870,tt0295297,tt0241527
nm0394280	Stephen Hopkins	1958	tt0120738,tt0352520,tt0100403,tt0097981
nm0000682	Paul Verhoeven	1938	tt0093870,tt3716530,tt0389557,tt0164052
nm0001053	Ethan Coen	1957	tt0116282,tt6412452,tt2042568,tt1019452
nm0873779	Gary Trousdale	1960	tt0116583,tt0101414,tt0110357,tt0230011
nm0000217	Martin Scorsese	1942	tt0106226,tt0070379,tt0075314,tt0099685
nm0001878	David Zucker	1947	tt0080339,tt0362120,tt0088286,tt0102510
nm0000941	Kathryn Bigelow	1951	tt0114558,tt1790885,tt0887912,tt0093605
nm0000631	Ridley Scott	1937	tt0103074,tt0083658,tt3659388,tt0172495
nm0166256	Ron Clements	1953	tt0780521,tt0103639,tt3521164,tt0119282
nm0000520	Michael Mann	1943	tt0091474,tt0369339,tt0140352,tt0104691
nm0000233	Quentin Tarantino	1963	tt0116367,tt0110912,tt3460252,tt0105236
nm0790715	Penelope Spheeris	1945	tt0115697,tt0106400,tt0110366,tt0086589
nm0004810	Chris Carter	1956	tt0182587,tt0106179,tt0120902,tt0443701
nm0000134	Robert De Niro	1943	tt0070379,tt0081398,tt0101540,tt0075314
nm0000500	Richard Linklater	1960	tt0405296,tt2209418,tt1065073,tt0243017
nm0104193	Marco Brambilla	1960	tt0106697,tt0119086,tt0492962,tt0310443
nm0001112	Andrew Davis	1946	tt0106977,tt0311289,tt0406816,tt0105690
nm0006487	Jim Sheridan	1949	tt0097937,tt0107207,tt0298845,tt0765010
nm0783139	Henry Selick	1952	tt0327597,tt0107688,tt0116683,tt0100638
nm0001129	Jonathan Demme	1944	tt1084950,tt0268126,tt0102926,tt0107818
nm0001716	Tony Scott	1944	tt0108399,tt0477080,tt0421054,tt0116277
nm0002120	Lasse Hallström	1946	tt0108550,tt0241303,tt0089606,tt0124315
nm0001565	Mike Newell	1942	tt0119008,tt0104522,tt0109831,tt0330373
nm0000108	Luc Besson	1959	tt0119116,tt0100263,tt0110413,tt2872732
nm0000231	Oliver Stone	1946	tt0091763,tt0096969,tt0102138,tt0110632
nm0000957	Jan de Bont	1943	tt0171363,tt0181689,tt0117998,tt0111257
nm0000386	Roland Emmerich	1955	tt0120685,tt0116629,tt1628841,tt0319262
nm0000165	Ron Howard	1954	tt0870111,tt0268978,tt0112384,tt0367279
nm0003088	Chris Noonan	1952	tt0081559,tt0482546,tt0140770,tt0112431
nm0797869	Brad Silberling	1963	tt0120632,tt0339291,tt0179098,tt0112642
nm0002132	Amy Heckerling	1954	tt0115137,tt0097778,tt3973820,tt0083929
nm0001675	Robert Rodriguez	1968	tt0104815,tt0458481,tt0287717,tt1077258
nm0027271	Paul W.S. Anderson	1965	tt0113855,tt1509767,tt0318627,tt0119081
nm0300265	Mike Gabriel	1954	tt0114148,tt0412936,tt0095776,tt0100477
nm0000399	David Fincher	1962	tt2267998,tt0114369,tt0443706,tt1285016
nm0000487	Ang Lee	1954	tt0114388,tt0190332,tt0454876,tt0808357
nm0000416	Terry Gilliam	1940	tt0085959,tt0088846,tt0071853,tt1054606
nm0001741	Bryan Singer	1965	tt0348150,tt0120903,tt1877832,tt0114814
nm0240797	Dennis Dugan	1946	tt0116483,tt0142342,tt0077070,tt0960144
nm0000361	Brian De Palma	1940	tt0280665,tt0080661,tt0086984,tt0094226
nm0387706	Gregory Hoblit	1944	tt0186151,tt0117381,tt0106079,tt0081873
nm0525303	Baz Luhrmann	1962	tt0455824,tt1343092,tt0117509,tt0203009
nm0701592	Joe Pytka	1938	tt0097731,tt0117705,tt3574400,tt7058444
nm0000965	Danny Boyle	1956	tt1542344,tt0111149,tt0289043,tt1010048
nm0325776	Gary Goldman	1944	tt0096787,tt0120913,tt0118617,tt0084649
nm0001054	Joel Coen	1954	tt0101410,tt0116282,tt1019452,tt6412452
nm0000759	Paul Thomas Anderson	1970	tt0118749,tt0272338,tt0469494,tt1791528
nm0922346	Simon West	1961	tt0118880,tt0144214,tt0472399,tt0146316
nm0000431	Taylor Hackford	1944	tt0106469,tt0350258,tt0084434,tt0109642
nm0000247	John Woo	1946	tt0104684,tt0425637,tt0119094,tt0092263
nm0331532	Raja Gosnell	1958	tt0331632,tt0267913,tt0208003,tt0151738
nm0001994	Michael Caton-Jones	1957	tt0430912,tt0114287,tt0119395,tt0100133
nm0389591	P.J. Hogan	1962	tt0110598,tt0316396,tt2910904,tt0119738
nm0006854	Roger Spottiswoode	1945	tt0083511,tt0216216,tt0096098,tt0472562
nm0001460	Mimi Leder	1952	tt0120647,tt0119874,tt2699128,tt4669788
nm0003620	Kevin Smith	1970	tt0118842,tt0424345,tt0109445,tt0120655
nm1103162	Tim Story	1970	tt0316732,tt0303714,tt1621045,tt0120667
nm0001104	Frank Darabont	1959	tt0111161,tt1520211,tt0884328,tt0120689
nm0005363	Guy Ritchie	1968	tt0988045,tt1638355,tt0208092,tt0120735
nm0001392	Peter Jackson	1961	tt0092610,tt0120737,tt0167260,tt0360717
nm0176905	Barry Cook	1958	tt0101414,tt0120762,tt1430607,tt0103639
nm0583600	Nancy Meyers	1949	tt0457939,tt1230414,tt2361509,tt0337741
nm0002657	Gary Ross	1956	tt0120789,tt0094737,tt1392170,tt0329575
nm0573796	John McNaughton	1950	tt0107473,tt0099763,tt2543336,tt0120890
nm0101385	Rob Bowman	1960	tt0357277,tt0253556,tt0106179,tt0120902
nm0001756	Barry Sonnenfeld	1953	tt1409024,tt0120891,tt0119654,tt0106220
nm0227540	Mark Dindal	\N	tt0371606,tt0120917,tt0118829,tt0102803
nm0585011	Roger Michell	1956	tt0125439,tt0127319,tt0489327,tt1126618
nm0083348	Brad Bird	1957	tt0317705,tt0382932,tt3606756,tt0129167
nm0905152	Lilly Wachowski	1967	tt0133093,tt1617661,tt0115736,tt1371111
nm0878638	David Twohy	1955	tt0119173,tt0106977,tt1411250,tt0134847
nm0000750	Jon Amiel	1948	tt0100822,tt0298814,tt0112722,tt0137494
nm0006960	John Madden	1949	tt0377107,tt4540710,tt0138097,tt1412386
nm0004716	Darren Aronofsky	1969	tt0414993,tt5109784,tt0180093,tt0138704
nm0474955	Roger Kumble	1966	tt0139134,tt0253867,tt9860728,tt0433400
nm0240627	Troy Duffy	1971	tt3402106,tt6824596,tt1300851,tt0144117
nm0005366	Jay Roach	1957	tt3203606,tt6394270,tt0109303,tt0118655
nm0001241	Stephen Frears	1941	tt0094947,tt2431286,tt0436697,tt0301199
nm0005295	Trey Parker	1969	tt0124819,tt0158983,tt0372588,tt0121955
nm0001068	Sofia Coppola	1971	tt5592248,tt0159097,tt0099674,tt0335266
nm0818785	Michael Spiller	1961	tt1442437,tt0285403,tt2211129,tt0159206
nm0919369	Paul Weitz	1965	tt0450405,tt0385267,tt0276751,tt0455323
nm0400958	Terry Hughes	\N	tt0115082,tt0066721,tt0088526,tt0176357
nm0796117	M. Night Shyamalan	1970	tt0167404,tt0286106,tt0452637,tt0368447
nm0001885	Lars von Trier	1956	tt0115751,tt0168629,tt1527186,tt0870984
nm0003506	James Mangold	1963	tt0358273,tt1950186,tt1430132,tt3315342
nm0661751	Dean Parisot	\N	tt0177789,tt1821694,tt0369441,tt1196948
nm0609236	Jonathan Mostow	1961	tt0986263,tt0181852,tt0141926,tt0118771
nm0001752	Steven Soderbergh	1963	tt0195685,tt0098724,tt1291580,tt0181865
nm0001081	Cameron Crowe	1957	tt0105415,tt0181875,tt0259711,tt0116695
nm0585086	Pete Michels	1964	tt0182576,tt2861424,tt0295178,tt0335438
nm0268380	Peter Farrelly	1956	tt6966692,tt1333125,tt0109686,tt0129387
nm0223359	Tom Dey	1965	tt1392197,tt0284490,tt0184894,tt0427229
nm0617130	Daniel Myrick	1963	tt0962711,tt0185937,tt1540011,tt0229260
nm0939128	James Wong	\N	tt1844624,tt0112173,tt0267804,tt0106179
nm0230032	Pete Docter	1968	tt0910970,tt2096673,tt0198781,tt1049413
nm0677953	Donald Petrie	1954	tt0212346,tt0107050,tt0251127,tt0095690
nm0000881	Michael Bay	1965	tt1055369,tt0120591,tt0117500,tt2109248
nm0632788	Daisuke Nishio	1959	tt0121220,tt0368667,tt0088509,tt0214341
nm0001130	Ted Demme	1963	tt0221027,tt0342275,tt0123964,tt0115639
nm0000568	Frank Oz	1944	tt0063951,tt0079588,tt0074028,tt0121765
nm0024622	Alejandro Amenábar	1972	tt0117883,tt0125659,tt0230600,tt0369702
nm0893659	Gore Verbinski	1964	tt1192628,tt4731136,tt0325980,tt0449088
nm0500444	Danny Leiner	1961	tt0366551,tt0242423,tt0787470,tt0402230
nm0905154	Lana Wachowski	1965	tt0133093,tt0115736,tt1371111,tt1617661
nm0784061	Dominic Sena	1949	tt0365929,tt0244244,tt0187078,tt0107302
nm0005190	Garry Marshall	1934	tt0151738,tt1598822,tt0100405,tt0104694
nm0050332	Alan Ball	1957	tt0248654,tt0169547,tt0844441,tt11327514
nm0001024	Nick Cassavetes	1959	tt0119094,tt0138304,tt0092240,tt1078588
nm0855035	Andy Tennant	1955	tt0770752,tt0386588,tt0120631,tt0256415
nm0005222	Sam Mendes	1965	tt0257044,tt1074638,tt8579674,tt0959337
nm0424800	Clark Johnson	1954	tt0443632,tt0106028,tt0257076,tt0092513
nm0510731	Doug Liman	1965	tt0258463,tt1631867,tt0117802,tt0977855
nm0425756	Mark Steven Johnson	1964	tt0259324,tt0287978,tt0107050,tt11100856
nm0759207	Victor Salva	1958	tt0114168,tt0263488,tt0301470,tt0171698
nm0339004	Luke Greenfield	1972	tt0265647,tt0265208,tt1924435,tt0255798
nm0738796	Mark Romanek	1959	tt1334260,tt6663870,tt0090069,tt0265459
nm0027572	Wes Anderson	1969	tt1748122,tt0265666,tt0432283,tt5104604
nm0297935	Kinji Fukasaku	1930	tt0266308,tt0082601,tt0080768,tt0109430
nm0920425	Simon Wells	1961	tt0166813,tt0268695,tt0424095,tt0120794
nm0812200	Iain Softley	1958	tt0106339,tt0113243,tt0397101,tt0272152
nm0398185	Peter Howitt	1957	tt0218817,tt0120148,tt0417586,tt0274166
nm0919363	Chris Weitz	1969	tt0276751,tt3748528,tt0356910,tt8637428
nm0625458	Jessie Nelson	\N	tt0108174,tt0490084,tt8521376,tt0277027
nm0908824	Randall Wallace	1949	tt0213149,tt0277434,tt0112573,tt1028576
nm0587692	Miles Millar	1970	tt0279600,tt0316654,tt1464540,tt0859163
nm0109359	Steven Brill	1962	tt0110006,tt9036126,tt0104868,tt0185431
nm0320987	Ken Girotti	\N	tt3322312,tt2306299,tt2234222,tt0978766
nm0003418	Rob Cohen	1949	tt0116136,tt0382992,tt0106770,tt0859163
nm0038432	Kelly Asbury	1960	tt0298148,tt0377981,tt0166813,tt0101414
nm0551128	Rob Marshall	1960	tt5028340,tt0875034,tt0299658,tt2180411
nm0955443	Yimou Zhang	1951	tt0101640,tt0473444,tt0385004,tt0299977
nm0680846	Todd Phillips	1970	tt7286456,tt0302886,tt1231583,tt1119646
nm0629334	McG	1968	tt0438488,tt0758794,tt0305357,tt0160127
nm0000490	Spike Lee	1957	tt0091939,tt0097216,tt0102175,tt0104797
nm0959062	Terry Zwigoff	1949	tt0162346,tt0089507,tt0109508,tt0307987
nm0286975	Marc Forster	1969	tt0308644,tt0816711,tt0285742,tt0419887
nm0254786	David R. Ellis	1952	tt0234215,tt0149261,tt1144884,tt0417148
nm0000934	Bernardo Bertolucci	1941	tt0065571,tt0070849,tt0093389,tt0117737
nm0635759	Stephen Norrington	1964	tt0311429,tt0120611,tt0275468,tt0109575
nm0101508	Steve Box	1967	tt0312004,tt2176013,tt0120193,tt0135104
nm0298807	Antoine Fuqua	1965	tt1210042,tt0455944,tt2404435,tt1798684
nm0001723	Tom Shadyac	1958	tt0117218,tt1741225,tt0259288,tt0109040
nm0452319	Beeban Kidron	1961	tt0098032,tt0114682,tt0317198,tt3101474
nm0526199	Kátia Lund	1966	tt0317248,tt0296108,tt2166160,tt0118615
nm0009190	J.J. Abrams	1966	tt0796366,tt0411008,tt2488496,tt1650062
nm0936838	Alexander Witt	1952	tt0318627,tt1074638,tt0381061,tt0258463
nm0269463	Jon Favreau	1966	tt4154796,tt2883512,tt0371746,tt0117802
nm0936482	Len Wiseman	1973	tt0320691,tt0401855,tt1386703,tt2647544
nm0914132	Mark Waters	1964	tt1686821,tt0821640,tt0416236,tt1022603
nm0000142	Clint Eastwood	1930	tt1205489,tt0105695,tt0112579,tt0405159
nm0685759	Pitof	1957	tt0164961,tt0327554,tt0118583,tt0112682
nm0000916	Peter Berg	1964	tt0108724,tt0124198,tt1091191,tt0369339
nm0245888	Jesse Dylan	1966	tt0278488,tt1198099,tt0328828,tt0384642
nm0378144	Jonathan Hensleigh	1959	tt0120591,tt0120053,tt0112864,tt0330793
nm0103785	Zach Braff	1975	tt0333766,tt1623205,tt2870708,tt0285403
nm0327273	Michel Gondry	1963	tt0354899,tt1618445,tt0338013,tt0799934
nm0538320	Alan Mak	1965	tt0369060,tt0338564,tt1349853,tt0374339
nm0781842	Peter Segal	1962	tt0425061,tt0110622,tt1661382,tt0343660
nm0440913	Mathieu Kassovitz	1967	tt0119116,tt0228786,tt0211915,tt0113247
nm0569891	Tom McGrath	1964	tt1911658,tt0351283,tt1277953,tt0479952
nm0094435	Bong Joon Ho	1969	tt0468492,tt3967856,tt6751668,tt1706620
nm0073688	Alec Berg	\N	tt0312528,tt0264235,tt0098904,tt5348176
nm0570912	Adam McKay	1968	tt6266538,tt0478970,tt1596363,tt1386588
nm0333060	David S. Goyer	1965	tt0118929,tt0372784,tt2975590,tt0468569
nm0026442	Brad Anderson	1964	tt0800241,tt0261983,tt0361862,tt0119778
nm0462895	David Koepp	1963	tt0107290,tt0164181,tt0145487,tt0117060
nm0661791	Chan-wook Park	1963	tt0260991,tt0364569,tt0762073,tt4016934
nm1098493	Rawson Marshall Thurber	1975	tt1282140,tt1723121,tt5758778,tt0364725
nm0942367	Edgar Wright	1974	tt0446029,tt1213663,tt3890160,tt0365748
nm0291082	Scott Frank	1960	tt3315342,tt0120780,tt0427470,tt0181689
nm0562266	John Maybury	1958	tt0819714,tt0110967,tt0366627,tt0119577
nm0552092	Chuck Martin	\N	tt1077401,tt0367279,tt0389790,tt0285358
nm0916424	Peter Webber	1968	tt2103264,tt6238896,tt0335119,tt0367959
nm0005509	Jon Turteltaub	1963	tt0117333,tt0368891,tt0106611,tt0114924
nm0000948	Shane Black	1961	tt0093773,tt1300854,tt3799694,tt0373469
nm0668247	Alexander Payne	1961	tt0375063,tt1033575,tt1821549,tt0126886
nm0353673	Paul Haggis	1953	tt0405159,tt0478134,tt0108756,tt0375679
nm0923736	Joss Whedon	1964	tt0848228,tt0162065,tt1259521,tt0118276
nm0132709	Martin Campbell	1943	tt0113189,tt0381061,tt0190865,tt1133985
nm0005540	Keenen Ivory Wayans	1958	tt0098830,tt0095348,tt0430304,tt0381707
nm0684342	Jan Pinkava	1963	tt0382932,tt0131409,tt0198781,tt0120623
nm0304521	Christophe Gans	1960	tt0237534,tt0112750,tt2316801,tt0384537
nm0591994	Lexi Alexander	1974	tt0450314,tt0385002,tt0329245,tt1492959
nm0399737	Reginald Hudlin	1961	tt1853728,tt5301662,tt10289996,tt0099800
nm0420941	Patty Jenkins	1971	tt0367279,tt0451279,tt1637727,tt0340855
nm0504642	Louis Leterrier	1973	tt0342258,tt0293662,tt1670345,tt0800080
nm1234345	Takashi Shimizu	1972	tt0367913,tt0364385,tt0391198,tt0433386
nm0426059	Rian Johnson	1973	tt2527336,tt0393109,tt1276104,tt8946378
nm0313623	Terry George	1952	tt0107207,tt0395169,tt0117690,tt2201259
nm0397174	Byron Howard	1968	tt2948356,tt0397892,tt0398286,tt0328880
nm0000343	David Cronenberg	1943	tt0115964,tt0094964,tt0091064,tt0120907
nm0476201	Karyn Kusama	1968	tt2400463,tt7137380,tt0210075,tt0402022
nm0031976	Judd Apatow	1967	tt0405422,tt1723816,tt1758830,tt0478311
nm1018493	Rakeysh Omprakash Mehra	1963	tt0405508,tt2356180,tt1043451,tt0289845
nm0811583	Zack Snyder	1966	tt0409459,tt0770828,tt0451279,tt0416449
nm0002159	Alejandro Agresti	1961	tt0169364,tt0385889,tt0115773,tt0296915
nm0343622	David Grossman	\N	tt0118276,tt0410975,tt0088473,tt3148266
nm0003733	Daniel Attias	\N	tt1637727,tt0090021,tt0285333,tt0306414
nm0944981	Greg Yaitanes	1970	tt2017109,tt0412142,tt6548228,tt0165448
nm0401203	Raman Hui	1963	tt0298148,tt0126029,tt3781476,tt0413267
nm0180085	Rob Corn	\N	tt0108724,tt0103060,tt0090305,tt0413573
nm0942504	Joe Wright	1972	tt0783233,tt0414387,tt0993842,tt4555426
nm0946734	David Yates	1963	tt0373889,tt1201607,tt0918940,tt0417741
nm0005647	Andrzej Bartkowiak	1950	tt0165929,tt0106856,tt0111257,tt0084855
nm0043742	David Ayer	1968	tt0433387,tt1386697,tt1742334,tt1855199
nm0000127	Wes Craven	1939	tt0087800,tt0111686,tt0117571,tt0105121
nm0101047	David Bowers	\N	tt1650043,tt0375568,tt0424095,tt2023453
nm1720541	David Slade	1969	tt0389722,tt0424136,tt7349910,tt1325004
nm0792202	Kirsten Sheridan	1976	tt0203050,tt0097937,tt0298845,tt0236157
nm0005436	John Singleton	1968	tt0101507,tt0162650,tt0255819,tt0430105
nm0906476	David Wain	1969	tt1325113,tt0430922,tt9850952,tt0243655
nm0611683	Russell Mulcahy	1953	tt0091203,tt0432021,tt1567432
nm0551076	Neil Marshall	1970	tt0435625,tt0483607,tt0280609,tt9182964
nm0339030	Paul Greengrass	1955	tt0475276,tt0440963,tt4196776,tt7280898
nm0651706	Mark Osborne	1970	tt0188913,tt0441773,tt1754656,tt0214646
nm0871428	Pete Travis	\N	tt0408056,tt0443274,tt1343727,tt2515034
nm0153078	Larry Charles	1956	tt1645170,tt0889583,tt0098904,tt0264235
nm0231596	Andrew Dominik	1967	tt1764234,tt0221073,tt0443680,tt6659386
nm0853380	Julie Taymor	1952	tt0120866,tt0120679,tt6105098,tt0445922
nm0330347	Josh Gordon	\N	tt0445934,tt1711525,tt0889573,tt0981216
nm0001639	Alex Proyas	1963	tt0118929,tt2404233,tt0448011,tt0109506
nm1844237	Chris Miller	1968	tt0892782,tt0448694,tt0413267,tt1911658
nm0266777	Stefen Fangmeier	1960	tt0107290,tt0177971,tt5315064,tt0449010
nm0206760	Jonathan Dayton	1957	tt0449059,tt4648296,tt4622512,tt1839492
nm0000255	Ben Affleck	1972	tt0119217,tt0840361,tt1024648,tt2267998
nm0777881	Robert Schwentke	1968	tt1245526,tt6763252,tt0286204,tt0790736
nm0275698	Andy Fickman	\N	tt0118615,tt1075417,tt1414382,tt3450650
nm0252135	Breck Eisner	1970	tt0318649,tt0455407,tt3230854,tt1618442
nm0291205	David Frankel	1959	tt0185906,tt0096566,tt1196956,tt0458352
nm0795288	John F. Showalter	\N	tt0460686,tt0460681,tt0321021,tt5511582
nm0510674	Kevin Lima	1962	tt0461770,tt0103639,tt0113198,tt0120855
nm0001348	Werner Herzog	1942	tt0068182,tt0083946,tt0427312,tt0790724
nm0798899	David Silverman	1957	tt0107978,tt0462538,tt0198781,tt0096697
nm0510912	Justin Lin	1971	tt1596343,tt0280477,tt2660888,tt1905041
nm1291105	J.A. Bayona	1975	tt3416532,tt1649419,tt4881806,tt0464141
nm0006904	Tony Gilroy	1956	tt0465538,tt2872718,tt3748528,tt1135487
nm0205157	Michael Davis	1961	tt0119054,tt0103060,tt0214388,tt0465602
nm0307497	Alex Garland	1970	tt0470752,tt2798920,tt1334260,tt0289043
nm0009942	Shane Acker	\N	tt0443424,tt0167260,tt0472033,tt1386703
nm0001566	Mike Nichols	1931	tt0376541,tt0115685,tt0061184,tt0061722
nm0131700	Paul Cameron	1958	tt0369339,tt0187078,tt0453467,tt0328107
nm0506613	Shawn Levy	1968	tt1714206,tt2543164,tt2234155,tt4574334
nm0201509	Eric Darnell	\N	tt0351283,tt0479952,tt1277953,tt0120587
nm0276349	Shane Meadows	1972	tt0120391,tt0419677,tt0202559,tt0480025
nm1349376	Francis Lawrence	1971	tt1951266,tt0480249,tt0360486,tt1951264
nm0001708	Joel Schumacher	1939	tt0134273,tt0106856,tt0293508,tt0118688
nm1052162	Bryan Bertino	1977	tt3976144,tt1285009,tt0482606,tt3286052
nm0233757	Jaco Van Dormael	1957	tt3792960,tt0103105,tt0116581,tt0485947
nm0891216	Matthew Vaughn	1971	tt2802144,tt1270798,tt0375912,tt1250777
nm1135423	Darren Lynn Bousman	1979	tt4163020,tt0432348,tt1480285,tt0963194
nm0579318	Linda Mendoza	\N	tt0285403,tt0805669,tt2769470,tt10085386
nm0000576	Sean Penn	1960	tt0327056,tt0112818,tt0315733,tt1013753
nm1732981	Martin McDonagh	1970	tt1931533,tt5027774,tt0425458,tt0780536
nm0003160	Christopher McQuarrie	1968	tt2345759,tt0114814,tt1631867,tt4912910
nm0288144	Alastair Fothergill	1960	tt0296310,tt2092588,tt0795176,tt0146386
nm1630273	Phyllida Lloyd	1957	tt0795421,tt1007029,tt6911608,tt9902160
nm0294997	Jason Friedberg	1970	tt1073498,tt1666186,tt0799949,tt1213644
nm0000110	Kenneth Branagh	1960	tt0097499,tt0107616,tt3402236,tt0116477
nm1512910	Duncan Jones	1971	tt0945513,tt1464763,tt1182345,tt0803096
nm1119645	Lynn Shelton	1965	tt1334537,tt1742336,tt2034031,tt8484012
nm0318916	Craig Gillespie	1967	tt0805564,tt2025690,tt5580036,tt1647668
nm1093053	Brian Percival	\N	tt1606375,tt1062205,tt0296484,tt0816442
nm0359387	John Lee Hancock	1956	tt0265662,tt0878804,tt1860242,tt2140373
nm0593610	Mike Mitchell	\N	tt0892791,tt0892782,tt0194006,tt3513498
nm0723597	Anthony Rich	1968	tt0898266,tt0088559,tt2660806,tt2084712
nm1204568	David Von Ancken	\N	tt6461824,tt7861612,tt0325129,tt0479537
nm0138809	John Carney	1972	tt1980929,tt3544112,tt0907657,tt0221559
nm0788234	John Patrick Shanley	1950	tt0099892,tt0112715,tt0918927,tt0093565
nm0870295	Frederick E.O. Toye	1967	tt6156584,tt0475784,tt7949218,tt1190634
nm0603628	Pierre Morel	1964	tt0936501,tt0414852,tt6850820,tt1179034
nm0851930	Alan Taylor	1965	tt1981115,tt0944947,tt1340138,tt0282768
nm0824882	Burr Steers	1965	tt0974661,tt0110912,tt0280760,tt1374989
nm0254178	Adam Elliot	1972	tt0211319,tt0245024,tt0382734,tt0978762
nm0542450	Ethan Maniquis	\N	tt0401792,tt0985694,tt1458169,tt10088006
nm0455078	Michael Patrick King	1954	tt0159206,tt1261945,tt0434672,tt1000774
nm0001814	Gus Van Sant	1952	tt0097240,tt0102494,tt0842929,tt0363589
nm1989536	Marc Webb	1974	tt4094300,tt1022603,tt4481414,tt0948470
nm0281945	Anne Fletcher	1966	tt0395699,tt0462590,tt0427327,tt1041829
nm0751102	David O. Russell	1958	tt0120188,tt2446980,tt1800241,tt1045658
nm0814085	Stephen Sommers	1962	tt0118956,tt1767354,tt1046173,tt0120616
nm0677037	Bob Peterson	1961	tt0266543,tt0198781,tt1049413,tt1453405
nm1191481	Leigh Whannell	1977	tt2490326,tt6499752,tt1591095,tt0387564
nm0764601	Miguel Sapochnik	1974	tt0117951,tt0944947,tt0119535,tt1053424
nm2816668	Matthew Robinson	1978	tt2222042,tt5617712,tt7547410,tt1058017
nm0142286	D.J. Caruso	1965	tt1059786,tt1293847,tt1464540,tt0235737
nm0304541	Dennis Gansel	1973	tt3522806,tt1063669,tt1692504,tt0384369
nm0715636	Peyton Reed	1964	tt0452594,tt0478970,tt5095030,tt0204946
nm0082526	Peter Billingsley	1971	tt0371746,tt6320628,tt0369436,tt0085334
nm0862211	Mike Thurmeier	\N	tt0137523,tt1667889,tt3416828,tt0268380
nm0609549	Greg Mottola	1964	tt0116041,tt0829482,tt1082583,tt1091722
nm0362566	Catherine Hardwicke	1955	tt5941692,tt0328538,tt1099212,tt0355702
nm2676052	Joseph Kosinski	1974	tt3829920,tt1104001,tt1745960,tt1483013
nm0139867	Steve Carr	\N	tt0317303,tt1114740,tt0195945,tt1333125
nm0592808	Christopher Misiano	\N	tt2172103,tt0108757,tt0200276,tt2647586
nm0161834	Derek Cianfrance	1974	tt1120985,tt0176573,tt2547584,tt1817273
nm0962729	Brian Taylor	\N	tt1121931,tt2452242,tt0479884,tt5462326
nm0649117	Niels Arden Oplev	1961	tt9179230,tt1132620,tt0425235,tt2039338
nm0000591	Roman Polanski	1933	tt0071315,tt0074811,tt1139328,tt1692486
nm0525659	Robert Luketic	1973	tt0250494,tt1142988,tt1103153,tt0478087
nm1429471	Jaume Collet-Serra	1974	tt1401152,tt0397065,tt1148204,tt4052882
nm0357453	John Hamburg	1970	tt0970866,tt4501244,tt1155056,tt0343135
nm0771054	Lone Scherfig	1959	tt0329767,tt0243862,tt0134002,tt1174732
nm2305431	Oren Peli	\N	tt1519461,tt1991245,tt2473682,tt1179904
nm0870469	Dan Trachtenberg	\N	tt1190634,tt2085059,tt6736070,tt1179933
nm0718646	Jason Reitman	1977	tt1193138,tt1967545,tt0467406,tt0427944
nm0336620	F. Gary Gray	1969	tt0113118,tt0120768,tt0117603,tt0317740
nm0587955	Bennett Miller	1966	tt0379725,tt1210166,tt0150230,tt1100089
nm0220600	Scott Derrickson	1966	tt1211837,tt2377322,tt0404032,tt1922777
nm3227090	Damien Chazelle	1985	tt2582802,tt1179933,tt3783958,tt1213641
nm0506977	Bradford Lewis	\N	tt1216475,tt0382932,tt0120587,tt2386490
nm0152312	Brenda Chapman	1962	tt0120794,tt1217209,tt0110357,tt0101414
nm0509448	Jonathan Liebesman	1976	tt0282209,tt1291150,tt0259323,tt1217613
nm0855613	John Terlesky	1961	tt0289213,tt0146882,tt0164802,tt0092860
nm1139726	Neil Burger	1963	tt0443543,tt1987680,tt1840309,tt0308411
nm0948159	Wilson Yip	\N	tt0478024,tt1386932,tt1220719,tt2888046
nm0831557	Nicholas Stoller	1976	tt1204342,tt4624424,tt2281587,tt4438848
nm0684336	Steve Pink	\N	tt0119229,tt1231587,tt0146882,tt2637294
nm0340436	Kevin Greutert	1965	tt2300975,tt1233227,tt0482606,tt0120338
nm0381416	Grant Heslov	1963	tt0433383,tt0112715,tt1024648,tt1124035
nm0655683	José Padilha	1967	tt0340468,tt1555149,tt1234721,tt0861739
nm0755261	Daniel Sackheim	\N	tt0120902,tt0221218,tt0412142,tt2356777
nm0003697	Florian Henckel von Donnersmarck	1973	tt5311542,tt1243957,tt0405094,tt0233589
nm0371955	Stuart Hazeldine	1971	tt1258197,tt1431130,tt1480287,tt2872518
nm1206844	Drew Goddard	1975	tt1259521,tt0411008,tt6628394,tt3659388
nm0281508	Ruben Fleischer	1974	\N
nm0466349	Baltasar Kormákur	1966	tt0332381,tt0805576,tt1272878,tt1764275
nm0082450	Paul Feig	1962	tt2404463,tt1289401,tt3079380,tt0193676
nm0640334	Gavin O'Connor	1963	tt2140479,tt0161023,tt1291584,tt0482572
nm1032521	Lorene Scafaria	\N	tt5503686,tt2866360,tt4501454,tt1307068
nm0235719	John Erick Dowdle	1972	tt1781922,tt1314655,tt2870612,tt1082868
nm0174374	Bill Condon	1955	tt0443489,tt0299658,tt0120684,tt0362269
nm0200005	Lee Daniels	1959	tt0929632,tt1327773,tt1496422,tt0361127
nm0007096	Wendey Stanzler	\N	tt3749900,tt0098213,tt0159206,tt1266020
nm0878763	Morten Tyldum	1967	tt2084970,tt0371589,tt1355644,tt1614989
nm1012385	Roar Uthaug	1973	tt2076850,tt0808276,tt1365519,tt3616916
nm0615592	Andy Muschietti	1973	tt1315885,tt7349950,tt1396484,tt2023587
nm0272704	Guy Ferland	1966	tt0106856,tt1520211,tt0109446,tt0288439
nm1783265	Tim Miller	1964	tt0425410,tt1431045,tt9561862,tt6450804
nm1533705	Fred Goss	\N	tt1439629,tt2467372,tt0460676,tt1442437
nm0709056	Peter Ramsey	\N	tt1446192,tt0119654,tt4633694,tt0181689
nm1834213	Gary McKendry	\N	tt1448755,tt2058638,tt0443499
nm0853238	Tate Taylor	1969	tt0383984,tt0874425,tt1454029,tt1399683
nm0185848	Eli Craig	1972	tt2937366,tt0433648,tt1465522,tt2090440
nm0668350	Jamie Payne	\N	tt4604612,tt0808096,tt2402137,tt1778108
nm0317328	Coky Giedroyc	1962	tt4193072,tt2343137,tt0481459,tt1778108
nm1490123	James Wan	1977	tt1477834,tt0387564,tt2820852,tt3065204
nm1243905	Michael Gracey	\N	tt4907198,tt1485796,tt2066051,tt0277941
nm1170855	J.C. Chandor	\N	tt2937898,tt2017038,tt1488606,tt1615147
nm0825407	Björn Stein	1970	tt0446476,tt1179069,tt4836846,tt1496025
nm0393799	Tom Hooper	1972	tt1707386,tt0810819,tt5697572,tt1504320
nm0629272	Andrew Niccol	1964	tt1517260,tt1637688,tt0119177,tt0120382
nm0995597	Christian Taylor	1968	tt0248654,tt0411008,tt3186162,tt0326148
nm1300606	Asger Leth	\N	tt0479046,tt1568338,tt7076560
nm0275629	Glenn Ficarra	\N	tt5555260,tt2381941,tt1045772,tt0239395
nm0118665	Norman Buckley	\N	tt1578873,tt9077540,tt0362359,tt0397442
nm0160840	Jon M. Chu	1979	tt1583421,tt3110958,tt1702443,tt1023481
nm1242054	James Ponsoldt	1978	tt1714206,tt4287320,tt2063781,tt3416744
nm0453518	Jee-woon Kim	1964	tt0456912,tt0901487,tt1588170,tt0365376
nm1220140	James Watkins	1978	tt2368619,tt1596365,tt6271042,tt1020530
nm1174251	Daniel Espinosa	1977	tt1291652,tt1599348,tt0476461,tt5442430
nm1742427	Michaël R. Roskam	1972	tt2586120,tt1821593,tt1600196,tt0428295
nm0716347	Nicolas Winding Refn	1970	tt1974419,tt0862467,tt0780504,tt1602613
nm1654324	Mark McQueen	1980	tt1453245,tt1024855,tt0471041,tt1999525
nm0568192	Terry McDonough	\N	tt0168596,tt0472984,tt3230854,tt0974963
nm0532235	Seth MacFarlane	1973	tt2557490,tt1637725,tt0182576,tt0397306
nm1064048	Nikolaj Arcel	1972	tt1132620,tt1648190,tt1276419,tt0378215
nm0905592	Jeff Wadlow	1976	tt1650554,tt2188671,tt1542768,tt6772950
nm1767218	Lee Toland Krieger	\N	tt1655441,tt1183921,tt0433364,tt1405365
nm0371890	Michel Hazanavicius	1967	tt0464913,tt1167660,tt5687334,tt1655442
nm0862911	Greg Tiernan	1965	tt0090633,tt1620981,tt0096787,tt1700841
nm2588606	Steve McQueen	1969	tt0986233,tt2024544,tt4218572,tt1723811
nm2782185	Rupert Sanders	1971	tt2193628,tt1735898,tt2193614,tt1219827
nm0414910	Rick Jacobson	\N	tt1442449,tt4555364,tt4189022
nm0601781	Rich Moore	1963	tt2948356,tt0149460,tt5848272,tt1772341
nm1650283	Espen Sandberg	1971	tt1029235,tt1613750,tt1790809,tt0416496
nm0322128	Lesli Linka Glatter	\N	tt1578873,tt1796960,tt1520211,tt0114011
nm0001401	Angelina Jolie	1975	tt0824747,tt0493464,tt0172493,tt1587310
nm3363032	Ryan Coogler	1986	tt1825683,tt3076658,tt2334649,tt6343314
nm1410815	Asghar Farhadi	1972	tt5186714,tt2404461,tt1832382,tt1360860
nm0294457	Thor Freudenthal	1972	tt3848206,tt1196141,tt1854564,tt0440979
nm0002083	Carl Franklin	1949	tt0112857,tt1856010,tt0313443,tt0102592
nm0563243	Dan Mazer	1971	tt0889583,tt0443453,tt0241088,tt2244901
nm1119880	Colin Trevorrow	1976	tt4572792,tt0369610,tt8041270,tt1862079
nm0590889	Daniel Minahan	\N	tt1856010,tt2788432,tt0944947,tt0251031
nm0868153	Giuseppe Tornatore	1956	tt0213847,tt0095765,tt1924396,tt0120731
nm2158772	Jeff Nichols	1978	tt1935179,tt2649554,tt1675192,tt4669986
nm0005303	Kimberly Peirce	1967	tt1939659,tt0489281,tt0171804,tt1845296
nm0400850	Patrick Hughes	\N	tt2333784,tt1530983,tt1377575,tt1959563
nm0002077	Dexter Fletcher	1966	tt1727824,tt1083452,tt2481198,tt2066051
nm0679031	Brad Peyton	1978	tt8755226,tt2231461,tt7130298,tt2126355
nm0218621	James DeMonaco	1969	tt2975578,tt6133466,tt2184339,tt4094724
nm0002892	Wally Pfister	1961	tt0482571,tt1375666,tt1345836,tt0468569
nm0930261	Chris Williams	1968	tt2294629,tt3521164,tt0397892,tt2245084
nm1218281	Jon Watts	1981	tt3813310,tt0203119,tt2250912,tt1717499
nm0003802	Uta Briesewitz	1967	tt2261227,tt0475784,tt4574334,tt2375692
nm0440458	Jake Kasdan	1974	tt0120906,tt7975244,tt0841046,tt0473709
nm0118333	Chris Buck	1958	tt0120855,tt4520988,tt2294629,tt0423294
nm0885249	Jean-Marc Vallée	1963	tt1550312,tt1172049,tt0401085,tt0790636
nm1012772	Ciaran Donnelly	\N	tt2306299,tt0758790,tt0810725,tt1695366
nm0853374	Sam Taylor-Johnson	1967	tt1266029,tt2322441,tt1155591,tt0427543
nm0476064	Alex Kurtzman	1973	tt2345759,tt0796366,tt2647544,tt5171438
nm0915304	Scott Waugh	\N	tt2369135,tt5503688,tt1591479,tt0295701
nm0002835	Adam Bernstein	1960	tt0496424,tt0127288,tt0903747,tt2802850
nm2937122	Adrian Molina	\N	tt1453405,tt0382932,tt1979388,tt2380307
nm1259871	John Crowley	1969	tt0332658,tt2218003,tt2381111,tt1078188
nm0238668	Ann Druyan	1949	tt0081846,tt2395695,tt0118884,tt11170862
nm0576298	Olivier Megaton	1965	tt1129442,tt0178655,tt1397280,tt1657507
nm0850733	Genndy Tartakovsky	1970	tt0278238,tt0175058,tt10332508,tt0115157
nm0154716	Stephen Chbosky	1970	tt2543472,tt2771200,tt1659337
nm0004234	Alfonso Gomez-Rejon	\N	tt2582496,tt0473705,tt1024648,tt1844624
nm0533284	David Mackenzie	1966	tt1439572,tt2567712,tt2582782,tt0466816
nm1837748	Josh Boone	1979	tt2582846,tt1831804,tt4682266
nm0899485	Marshall Virtue	\N	tt0381707,tt3450958,tt2661044,tt1535108
nm0197855	John Francis Daley	1985	tt0460627,tt1524930,tt2250912,tt0348333
nm0006969	Elizabeth Banks	1974	tt1951265,tt0903657,tt1951264,tt1392170
nm1762961	Jeff Tomsic	\N	tt3528306,tt1877810,tt2854926,tt1764378
nm5641748	Erica Hayes	\N	tt3398228,tt5950978,tt2861424,tt2341339
nm0319659	Dan Gilroy	1959	tt2872718,tt3731562,tt6000478,tt7043012
nm0500610	David Leitch	\N	tt2406566,tt2911666,tt5463162,tt6806448
nm1049433	Lenny Abrahamson	1966	tt1605717,tt3170832,tt0878674,tt0419420
nm0322144	Richard Glatzer	1952	tt5437928,tt0451176,tt0107045,tt3316960
nm0502954	John R. Leonetti	1956	tt2226417,tt1457767,tt0119707,tt3322940
nm2441608	Amy Winfrey	\N	tt5360196,tt1170236,tt3398228,tt0158983
nm0169806	Taika Waititi	1975	tt2584384,tt4698684,tt3501632,tt3416742
nm0751648	Joe Russo	1971	tt3498820,tt4154796,tt4154756,tt1843866
nm0290556	James Franco	1978	tt1542344,tt3521126,tt2101441,tt0910936
nm0743671	Matt Ross	1970	tt3553976,tt0119094,tt0144084,tt0338751
nm0001338	Brian Helgeland	1961	tt0328107,tt0453562,tt0119488,tt0183790
nm0257775	Anders Engström	1963	tt2309405,tt3139330,tt3647998,tt1604231
nm1002424	Michael Dougherty	1974	tt0862856,tt0348150,tt3850590,tt0290334
nm1168394	Jesse Warn	\N	tt0323571,tt0315738,tt0317877,tt4016454
nm3453283	Dan Kwan	\N	tt4272746,tt4034354,tt6710474,tt11394330
nm1099918	Jeremy Saulnier	1976	tt4062536,tt2359024,tt0465431,tt0878695
nm0003021	Chris McKay	\N	tt4116284,tt0476922,tt1691338,tt1490017
nm1349818	Anna Boden	1979	tt0804497,tt0990413,tt4154664,tt0468489
nm1793079	Fede Alvarez	1978	tt4160708,tt1288558,tt0759954,tt5177088
nm3211470	Robert Eggers	\N	tt7984734,tt11138512,tt4263482,tt1330057
nm1053530	Tom Ford	1961	tt0196229,tt0830515,tt4550098,tt1315981
nm1819973	Ross Duffer	\N	tt4574334,tt0443696,tt2131532,tt2618986
nm0745247	Rodney Rothman	\N	tt3960412,tt4633694,tt2294449,tt0800039
nm2275000	Christian Schwochow	1978	tt1176699,tt5765988,tt6258718,tt1717152
nm1503575	Barry Jenkins	1979	tt4975722,tt7125860,tt1133989,tt0385108
nm1443502	Jordan Peele	1979	tt5052448,tt4139124,tt7349662,tt6857112
nm1356588	Stefano Sollima	1966	tt2049116,tt4025514,tt5052474,tt1893195
nm0475578	Ellen Kuras	1959	tt0795174,tt0162677,tt0338013,tt1157685
nm0839660	Stephen Surjik	\N	tt5232792,tt5675620,tt1312171,tt7949218
nm0792263	Taylor Sheridan	\N	tt3397884,tt2582782,tt5362988,tt4236770
nm3286970	Gabriel Correa	\N	tt1324999,tt0460681,tt0831387,tt5420376
nm0795290	Michael Showalter	1970	tt0130421,tt0243655,tt5462602,tt0443409
nm1093039	Mike Flanagan	1978	tt3748172,tt6763664,tt5606664,tt10970552
nm0487166	Yorgos Lanthimos	1973	tt1379182,tt5083738,tt5715874,tt3464902
nm0708903	Lynne Ramsay	1969	tt0300214,tt0171685,tt1242460,tt5742374
nm3809021	Alper Caglar	\N	tt2471640,tt3345952,tt5813916,tt7158912
nm2379028	Corin Hardy	1975	tt2474976,tt1517237,tt2306546,tt5814060
nm2197025	Deniz Gamze Ergüven	1978	tt0913358,tt5834204,tt5843850,tt3966404
nm0638354	David Nutter	1960	tt0944947,tt0112173,tt0374463,tt0185906
nm2338464	Alex Rodrigo	\N	tt6468322,tt2310670,tt2301959,tt4479736
nm1334526	Simon Kinberg	1973	tt1502712,tt3315342,tt3659388,tt1877832
nm1024677	John Krasinski	1979	tt0491152,tt0386676,tt1230414,tt6644200
nm1719186	Silver Tree	\N	tt1586680,tt8064302,tt6315640,tt7335184
nm0697656	Gina Prince-Bythewood	1969	tt5093452,tt0199725,tt3125324,tt0416212
nm0000876	Noah Baumbach	1969	tt1234654,tt0367089,tt2347569,tt7653254
nm4014166	Cathy Yan	\N	tt7476810,tt7713068,tt10310044,tt4874494
nm2535507	Mukesh Chhabra	\N	tt3863552,tt2338151,tt3390572,tt8110330
nm1396048	Dave Filoni	1974	tt2930604,tt8336340,tt8111088,tt0458290
nm0576987	Fernando Meirelles	1955	tt0317248,tt0861689,tt8404614,tt0387131
